Address,Street,House_Nr,Post_Code,City
I live in  1 in 38272 Dolní Dvořiště,,1,38272,Dolní Dvořiště
I'm so excited! I got the flat in Hauptstraße 34 24806 Hohn.,Hauptstraße,34,24806,Hohn
I live in Schönseer Straße 47 in 92526 Oberviechtach,Schönseer Straße,47,92526,Oberviechtach
I recently moved to Brandscheid into the Mühlenweg. ,Mühlenweg,,,Brandscheid
"1156, København K, 23, Gråbrødrestræde",Gråbrødrestræde,23,1156,København K
Please find me at Virchowstraße 2 in the center of ,Virchowstraße,2,,
"Living in Alte Poststraße 2, 54492 Zeltingen-Rachtig.",Alte Poststraße,2,54492,Zeltingen-Rachtig
I am currently residing in 56370 .,,,56370,
"Living in Baičių 3-oji g 1, 95499 Lyveriai.",Baičių 3-oji g,1,95499,Lyveriai
I am currently residing in 44534 Lünen.,,,44534,Lünen
"I recently moved to the inner city of Nürnberg, but I cannot remember the exact address just yet.",,,,Nürnberg
I am registered at Eisenacher Haus 1 98634 Erbenhausen.,Eisenacher Haus,1,98634,Erbenhausen
", 8459,   ",,,8459,
I recently moved to Heilbad Heiligenstadt into the Dingelstädter Straße. ,Dingelstädter Straße,,,Heilbad Heiligenstadt
I reside at Cottbuser Straße  Lieberose.,Cottbuser Straße,,,Lieberose
I recently moved to Marktbergel into the Ansbacher Straße. ,Ansbacher Straße,,,Marktbergel
"Work inquiries go to Ernst-Thälmann-Platz 4, 19249 Lübtheen",Ernst-Thälmann-Platz,4,19249,Lübtheen
"Living in Freiburger Straße 32, 77749 Hohberg.",Freiburger Straße,32,77749,Hohberg
I reside at Hauptstraße 14 Schinkel.,Hauptstraße,14,,Schinkel
I live in Rabahnweg 1 in 19089 Crivitz,Rabahnweg,1,19089,Crivitz
"My address is Mühlenweg 4, 27333 Schweringen",Mühlenweg,4,27333,Schweringen
"Please send the package to  , 8428 ",,,8428,
"It's Black Avenue 4466, 94566 .",Black Avenue,4466,94566,
"My main address is Berliner Allee 14, 16833 Fehrbellin.",Berliner Allee,14,16833,Fehrbellin
"I am living in 160 Koblenzer Straße, 56727 Mayen.",Koblenzer Straße,160,56727,Mayen
"My main address is Alterkülzer Straße 2a, 55471 Neuerkirch.",Alterkülzer Straße,2a,55471,Neuerkirch
"I am living in  Südliche Ringstraße, 64390 .",Südliche Ringstraße,,64390,
"Living in Am Markt 3, 27389 Fintel.",Am Markt,3,27389,Fintel
"Please mail this to Sydney Road 488, 3058 ",Sydney Road,488,3058,
"King of Prussia, 19406, Henderson Road 850 ",Henderson Road,850,19406,King of Prussia
My new workplace is in the  of .,,,,
"My address is  , 29490 .",,,29490,
"Currently, my residence is Gleichen, 3 Am Kampe. ",Am Kampe,3,,Gleichen
I am living in 6528 now. Felt like a change of scenery was needed so I moved to Kossuth Lajos utca 4 there. ,Kossuth Lajos utca,4,6528,
"Living in Obere Mühlenstraße 10a, 17268 Templin.",Obere Mühlenstraße,10a,17268,Templin
I live in Schwalbacher Straße 7 in 56357 Strüth,Schwalbacher Straße,7,56357,Strüth
I live in Wittenberger Straße 76-80.,Wittenberger Straße,76-80,,
I live in Offenbacher Straße 69 in 63303 Dreieich,Offenbacher Straße,69,63303,Dreieich
I am living in 99192 now. Felt like a change of scenery was needed so I moved to Zur Alten Ziegelei 1 there. ,Zur Alten Ziegelei,1,99192,
"Work inquiries go to Lange Straße 86, 31558 Hagenburg",Lange Straße,86,31558,Hagenburg
"Please mail this to Kirchplatz 28, 6632 Ehrwald",Kirchplatz,28,6632,Ehrwald
My working address is Rabahnweg 1 19089 Crivitz,Rabahnweg,1,19089,Crivitz
Please find me at Dorfstraße 57 in the center of Mustin,Dorfstraße,57,,Mustin
"25379, Herzhorn, 10, Wilhelm-Ehlers-Straße",Wilhelm-Ehlers-Straße,10,25379,Herzhorn
"You can find me at my new place. It's at Jahnstraße 1, 67245 Lambsheim",Jahnstraße,1,67245,Lambsheim
"63303, Dreieich, 69, Offenbacher Straße",Offenbacher Straße,69,63303,Dreieich
I recently moved to Efland into the Mt Willing Road. ,Mt Willing Road,,,Efland
I live in Bünder Straße 102 in 32289 Rödinghausen,Bünder Straße,102,32289,Rödinghausen
"Work inquiries go to Wulf-Isebrand-Straße 1, 25764 Wesselburen",Wulf-Isebrand-Straße,1,25764,Wesselburen
My new workplace is in the Dorfstraße of Neetzow-Liepen.,Dorfstraße,,,Neetzow-Liepen
"My address is 28 Friedensstraße, 37318 Bornhagen.",Friedensstraße,28,37318,Bornhagen
"Wolf Power Close 7, 7985 Noordhoek, Cape Town",Wolf Power Close,7,7985,"Noordhoek, Cape Town"
I am registered at Urdenbacher Allee 5 40593 Düsseldorf.,Urdenbacher Allee,5,40593,Düsseldorf
I reside at Coburger Straße  Eisfeld.,Coburger Straße,,,Eisfeld
I live in Weimarische Straße 25 in 99439 Am Ettersberg,Weimarische Straße,25,99439,Am Ettersberg
"My address is 121 Aachener Straße, 52076 Aachen.",Aachener Straße,121,52076,Aachen
"My address is 16 Maarstraße, 54552 Schalkenmehren.",Maarstraße,16,54552,Schalkenmehren
"Molbergen, 49696, Pfarrer-Ferneding-Straße 2 ",Pfarrer-Ferneding-Straße,2,49696,Molbergen
"Currently, my residence is Meckesheim, 1 Friedrichstraße. ",Friedrichstraße,1,,Meckesheim
I recently moved to Heiligengrabe into the Dorfstraße. ,Dorfstraße,,,Heiligengrabe
"I am living in 30 Seestraße West, 88090 Immenstaad am Bodensee.",Seestraße West,30,88090,Immenstaad am Bodensee
"It's 3is Septemvriou , 54636 Thessaloniki.",3is Septemvriou,,54636,Thessaloniki
I'm so excited! I got the flat in Basaltstraße 10 92711 Parkstein.,Basaltstraße,10,92711,Parkstein
"My address is Brückenstraße 5, 87616 Marktoberdorf",Brückenstraße,5,87616,Marktoberdorf
"You can find me at my new place. It's at  , 99976 ",,,99976,
"Living in Hetzdorf 36, 17337 Uckerland.",Hetzdorf,36,17337,Uckerland
Please find me at Bleichstraße 45 in the center of Wiesbaden,Bleichstraße,45,,Wiesbaden
I am currently residing in 24794 Neu Duvenstedt.,,,24794,Neu Duvenstedt
"My address is 31 Hauptstraße, 97618 Unsleben.",Hauptstraße,31,97618,Unsleben
"Please mail this to Breiter Weg 4, 25785 Sarzbüttel",Breiter Weg,4,25785,Sarzbüttel
"It's West 55, 25578 Neuenbrook.",West,55,25578,Neuenbrook
"Heidesee, 15754, Mühlenstraße 1A ",Mühlenstraße,1A,15754,Heidesee
Please find me at Gladowshöher Straße 3 in the center of Garzau,Gladowshöher Straße,3,,Garzau
I recently moved to Höhenkirchen-Siegertsbrunn into the Rosenheimer Straße. ,Rosenheimer Straße,,,Höhenkirchen-Siegertsbrunn
"My mailing address is Bahnhofstraße 59, 59759, Arnsberg.",Bahnhofstraße,59,59759,Arnsberg
"1623, , , ",,,1623,
"My address is Hindelanger Straße 1, 87527 Sonthofen",Hindelanger Straße,1,87527,Sonthofen
I am registered at  3 92277 Hohenburg.,,3,92277,Hohenburg
I live in Hans-Böckler-Straße 23.,Hans-Böckler-Straße,23,,
"1936, Verbier, 10, Hameau de Clambin",Hameau de Clambin,10,1936,Verbier
"My address is Rapunzelstraße 1, 87764 Legau",Rapunzelstraße,1,87764,Legau
I live in Henderson Road 850.,Henderson Road,850,,
I am currently residing in 98673 Eisfeld.,,,98673,Eisfeld
"Send my post to Bargen (8233), Haafpüntstrasse 5.",Haafpüntstrasse,5,8233,Bargen
"Send my post to  (38704), Hauptstraße 11.",Hauptstraße,11,38704,
Please find me at West 6th Street 310 in the center of Concordia,West 6th Street,310,,Concordia
"Please send the package to Dorfstraße 29, 17111 Hohenmocker",Dorfstraße,29,17111,Hohenmocker
I reside at Poststraße 9 Genthin.,Poststraße,9,,Genthin
I reside at Frandergasse 12 Schliengen.,Frandergasse,12,,Schliengen
Please find me at Neues Dorf 6A in the center of Hodenhagen,Neues Dorf,6A,,Hodenhagen
I'm so excited! I got the flat in Steinstraße 2A 23845 Bühnsdorf.,Steinstraße,2A,23845,Bühnsdorf
"Currently, my residence is Crivitz, 1 Rabahnweg. ",Rabahnweg,1,,Crivitz
Cannot wait to finally work at Lettenstich 10.,Lettenstich,10,,
"It's Große Mühlenstraße 51, 24217 Schönberg Holstein.",Große Mühlenstraße,51,24217,Schönberg Holstein
"Living in Außerhalb 1, 55278 .",Außerhalb,1,55278,
My new workplace is in the Washington Street of Batac.,Washington Street,,,Batac
"My address is Hauptwieke 2, 26835 Neukamperfehn",Hauptwieke,2,26835,Neukamperfehn
"Please mail this to Pappelweg 23, 19243 Wittenburg",Pappelweg,23,19243,Wittenburg
"You can find me at my new place. It's at Kurmärker Straße 10, 19348 Perleberg",Kurmärker Straße,10,19348,Perleberg
"I moved to 74653 Künzelsau. In Rainlesberg 2, to be exact.",Rainlesberg,2,74653,Künzelsau
"It's Kurmärker Straße 10, 19348 Perleberg.",Kurmärker Straße,10,19348,Perleberg
"Please mail this to Neuenburgstrasse , 3238 Gals",Neuenburgstrasse,,3238,Gals
I live in Riemker Straße 13 in 44809 Bochum,Riemker Straße,13,44809,Bochum
"My main address is Güstrower Straße 18-20, 17213 Malchow.",Güstrower Straße,18-20,17213,Malchow
I live in Tulpenweg 5.,Tulpenweg,5,,
"Living in Litle Bataldenstr 2, 6917 Batalden.",Litle Bataldenstr,2,6917,Batalden
Cannot wait to finally work at Girlitzweg 30.,Girlitzweg,30,,
"Friedrich-Wilhelm-Raiffeisen-Straße 3, 17192 Waren Müritz",Friedrich-Wilhelm-Raiffeisen-Straße,3,17192,Waren Müritz
Cannot wait to finally work at Pappelweg 23.,Pappelweg,23,,
"Send my post to Kyllburg (54655), Mühlengasse 3.",Mühlengasse,3,54655,Kyllburg
"My address is 11 Buderusstraße, 35236 Breidenbach.",Buderusstraße,11,35236,Breidenbach
"You can find me at my new place. It's at Magdeburger Straße 16A, 39646 Oebisfelde-Weferlingen",Magdeburger Straße,16A,39646,Oebisfelde-Weferlingen
"Elsendorf, 84094, Hauptstraße 13 ",Hauptstraße,13,84094,Elsendorf
"Living in Kirchweg 2, 57577 Hamm Sieg.",Kirchweg,2,57577,Hamm Sieg
I am currently residing in 24811 Owschlag.,,,24811,Owschlag
Cannot wait to finally work at  .,,,,
"Bad Oldesloe, 23843, Konrad-Adenauer-Ring 2 ",Konrad-Adenauer-Ring,2,23843,Bad Oldesloe
"My address is Huttwilstrasse 108, 4932 Gutenburg",Huttwilstrasse,108,4932,Gutenburg
"Bautaveien 10B, 6507 Kristiansund N",Bautaveien,10B,6507,Kristiansund N
"I recently moved to the inner city of Mélykút, but I cannot remember the exact address just yet.",,,,Mélykút
Please find me at Hauptstraße 6 in the center of Seeshaupt,Hauptstraße,6,,Seeshaupt
"Reuterstraße 90, 25436 Uetersen",Reuterstraße,90,25436,Uetersen
"I am living in 1 Möllner Straße, 22946 Trittau.",Möllner Straße,1,22946,Trittau
Please find me at Werdohler Straße 2 in the center of Stavenhagen,Werdohler Straße,2,,Stavenhagen
"My mailing address is Halberstädter Straße 114, 39387, Oschersleben Bode.",Halberstädter Straße,114,39387,Oschersleben Bode
Please find me at Kossuth Lajos utca 68 in the center of Dunaszentbenedek,Kossuth Lajos utca,68,,Dunaszentbenedek
"I moved to 18320 Santa Fe. In Calle Ermita 3, to be exact.",Calle Ermita,3,18320,Santa Fe
"Vandans, 6773, Dorfstraße 35 ",Dorfstraße,35,6773,Vandans
"I moved to 54589 Stadtkyll. In Hauptstraße 16, to be exact.",Hauptstraße,16,54589,Stadtkyll
I am registered at Wilhelm-Pieck-Straße 40 99198 Udestedt.,Wilhelm-Pieck-Straße,40,99198,Udestedt
"Currently, my residence is Gunzgen, 19a Römerweg. ",Römerweg,19a,,Gunzgen
My working address is Chemin de la Carrière 2 1994 Aproz,Chemin de la Carrière,2,1994,Aproz
"Work inquiries go to Eschenweg 1, 83374 Traunreut",Eschenweg,1,83374,Traunreut
I am living in 15926 now. Felt like a change of scenery was needed so I moved to Am Markt 01 there. ,Am Markt,01,15926,
"Currently, my residence is Wolmirstedt, 16 Rosa-Luxemburg-Straße. ",Rosa-Luxemburg-Straße,16,,Wolmirstedt
"16928, Pritzwalk, 1, Postplatz",Postplatz,1,16928,Pritzwalk
"It's Binderøya 1, 7924 Austafjord.",Binderøya,1,7924,Austafjord
I live in Hammerthal 3.,Hammerthal,3,,
" , 69190 ",,,69190,
"You can find me at my new place. It's at Christopher Straße 16, 83544 Albaching",Christopher Straße,16,83544,Albaching
"My mailing address is Rothenburger Straße 35, 97215, Uffenheim.",Rothenburger Straße,35,97215,Uffenheim
"14547, Beelitz, , Straße am Bahnhof",Straße am Bahnhof,,14547,Beelitz
"Knysna, 6571, Waterfront Drive  ",Waterfront Drive,,6571,Knysna
I'm so excited! I got the flat in Feiosvegen 152 6895 Feios.,Feiosvegen,152,6895,Feios
I am living in 18347 now. Felt like a change of scenery was needed so I moved to Lindenstraße  there. ,Lindenstraße,,18347,
"Work inquiries go to Dingelstädter Straße 43, 37308 Heilbad Heiligenstadt",Dingelstädter Straße,43,37308,Heilbad Heiligenstadt
Cannot wait to finally work at Bahnhofstraße 1.,Bahnhofstraße,1,,
"Hery-Park 2900, 86368 Gersthofen",Hery-Park,2900,86368,Gersthofen
"I recently moved to the inner city of Gangelt, but I cannot remember the exact address just yet.",,,,Gangelt
"Living in Petőfi Sándor utca 53, 7937 Boldogasszonyfa.",Petőfi Sándor utca,53,7937,Boldogasszonyfa
Cannot wait to finally work at Frydendalsvej 1.,Frydendalsvej,1,,
I'm so excited! I got the flat in Kirchweg 4 53520 Nürburg.,Kirchweg,4,53520,Nürburg
I'm so excited! I got the flat in Albertstraße 38 4720 Kelmis.,Albertstraße,38,4720,Kelmis
"39291, Möckern, 3, Gewerbestraße",Gewerbestraße,3,39291,Möckern
"My address is 29 Dorfstraße, 17111 Hohenmocker.",Dorfstraße,29,17111,Hohenmocker
"Currently, my residence is Diesdorf, 5 Am Klingbusch. ",Am Klingbusch,5,,Diesdorf
I am currently residing in 26892 Dörpen.,,,26892,Dörpen
My working address is Kiefernweg 4 17454 Zinnowitz,Kiefernweg,4,17454,Zinnowitz
I am living in 77971 now. Felt like a change of scenery was needed so I moved to Johann-Peter-Hebel-Straße 2A there. ,Johann-Peter-Hebel-Straße,2A,77971,
"My address is 2A Altungstraße, 87452 Altusried.",Altungstraße,2A,87452,Altusried
"Please mail this to St-Georg-Straße , 76857 Gossersweiler-Stein",St-Georg-Straße,,76857,Gossersweiler-Stein
"My address is 37 Rhauderwieke, 26817 Rhauderfehn.",Rhauderwieke,37,26817,Rhauderfehn
"My mailing address is Berliner Straße 17-25, 21481, Lauenburg/Elbe.",Berliner Straße,17-25,21481,Lauenburg/Elbe
I am living in 84387 now. Felt like a change of scenery was needed so I moved to Hauptstraße 36 there. ,Hauptstraße,36,84387,
Please find me at  1 in the center of Ruppertshofen,,1,,Ruppertshofen
"Currently, my residence is ,  . ",,,,
"My address is 591 Bergisch Gladbacher Straße, 51067 Köln.",Bergisch Gladbacher Straße,591,51067,Köln
"Work inquiries go to Unteruhldinger Straße 1, 88709 Meersburg",Unteruhldinger Straße,1,88709,Meersburg
"76857, Gossersweiler-Stein, , St-Georg-Straße",St-Georg-Straße,,76857,Gossersweiler-Stein
I am living in 49219 now. Felt like a change of scenery was needed so I moved to Schulstraße 11b there. ,Schulstraße,11b,49219,
"I moved to 97258 Ippesheim. In  0, to be exact.",,0,97258,Ippesheim
I reside at Georgistraße 36 Burgheim.,Georgistraße,36,,Burgheim
"Currently, my residence is Trübbach,  . ",,,,Trübbach
"Please mail this to Hauptstraße 104, 56379 Holzappel",Hauptstraße,104,56379,Holzappel
I reside at N 5th Street 305 Bellevue.,N 5th Street,305,,Bellevue
Cannot wait to finally work at Fürstabt-Gerbert-Straße 2.,Fürstabt-Gerbert-Straße,2,,
"Currently, my residence is Selters Westerwald, 2 Schützstraße. ",Schützstraße,2,,Selters Westerwald
"Rüdigerstraße 9, 67166 Otterstadt",Rüdigerstraße,9,67166,Otterstadt
"Send my post to Hinojo (7318), Avenida Crotto .",Avenida Crotto,,7318,Hinojo
I recently moved to Husby into the Flensburger Straße. ,Flensburger Straße,,,Husby
My new workplace is in the Waldsassener Straße of Neualbenreuth.,Waldsassener Straße,,,Neualbenreuth
I am living in 31613 now. Felt like a change of scenery was needed so I moved to Bredenbecker Straße 148 there. ,Bredenbecker Straße,148,31613,
"Work inquiries go to Kapellenstraße 6A, 86558 Hohenwart",Kapellenstraße,6A,86558,Hohenwart
"99192, Nesse-Apfelstädt, 1, Zur Alten Ziegelei",Zur Alten Ziegelei,1,99192,Nesse-Apfelstädt
"You can find me at my new place. It's at Siemser Straße 29, 39649 Gardelegen",Siemser Straße,29,39649,Gardelegen
My new workplace is in the Kanalstraße of Wismar.,Kanalstraße,,,Wismar
I am living in 16833 now. Felt like a change of scenery was needed so I moved to Berliner Allee 14 there. ,Berliner Allee,14,16833,
My new workplace is in the Brenscheder Straße of Bochum.,Brenscheder Straße,,,Bochum
I live in Mannhardtstraße 8a in 25557 Hanerau-Hademarschen,Mannhardtstraße,8a,25557,Hanerau-Hademarschen
My new workplace is in the Merziger Straße of Dillingen/Saar.,Merziger Straße,,,Dillingen/Saar
"My main address is Hammerthal 3, 16259 Bad Freienwalde Oder.",Hammerthal,3,16259,Bad Freienwalde Oder
I recently moved to Bergen auf Rügen into the Markt. ,Markt,,,Bergen auf Rügen
"My mailing address is Ernst-Thälmann-Straße 55, 39517, Tangerhütte.",Ernst-Thälmann-Straße,55,39517,Tangerhütte
"Please mail this to Tetenhusener Chaussee 1, 24848 Kropp",Tetenhusener Chaussee,1,24848,Kropp
"Uckerland, 17337, Hetzdorf 36 ",Hetzdorf,36,17337,Uckerland
"My address is 4 Oberer Weißröck, 66871 Etschberg.",Oberer Weißröck,4,66871,Etschberg
"It's  1, 95659 Arzberg.",,1,95659,Arzberg
"My mailing address is Данила Галицького вулиця 31, 78595, .",Данила Галицького вулиця,31,78595,
"It's Hauptstraße 113c, 35684 Dillenburg.",Hauptstraße,113c,35684,Dillenburg
I am currently residing in 17168 Thürkow.,,,17168,Thürkow
I reside at Alter Markt 7 Hachenburg.,Alter Markt,7,,Hachenburg
"Please mail this to Westerfilder Straße 32, 44357 Dortmund",Westerfilder Straße,32,44357,Dortmund
I reside at In der Watt 1 Ramstein-Miesenbach.,In der Watt,1,,Ramstein-Miesenbach
"Dorfstraße 28, 24361 Haby",Dorfstraße,28,24361,Haby
"Breitenfelde, 23881, Bundesstraße 20 ",Bundesstraße,20,23881,Breitenfelde
"Please mail this to Orenborn 4, 55758 Kempfeld",Orenborn,4,55758,Kempfeld
"35585, Wetzlar, 42, Bergstraße",Bergstraße,42,35585,Wetzlar
"Please send the package to Hauptstraße 11, 69251 Gaiberg",Hauptstraße,11,69251,Gaiberg
"My address is 45 Moselstraße, 54331 Oberbillig.",Moselstraße,45,54331,Oberbillig
I am registered at Graf-Rechberg-Straße 17 73072 Donzdorf.,Graf-Rechberg-Straße,17,73072,Donzdorf
Please find me at Hinzdorfer Dorfstraße 14 in the center of Wittenberge,Hinzdorfer Dorfstraße,14,,Wittenberge
"My address is 5 Vorstadtstraße, 73453 Abtsgmünd.",Vorstadtstraße,5,73453,Abtsgmünd
"Living in Bahnstraße 62, 99189 Gebesee.",Bahnstraße,62,99189,Gebesee
"55765, Birkenfeld, 15-17, Trierer Straße",Trierer Straße,15-17,55765,Birkenfeld
I reside at Steig 27 Rottweil.,Steig,27,,Rottweil
"Currently, my residence is Leutenbach, 36 Mittelehrenbach. ",Mittelehrenbach,36,,Leutenbach
I am living in 4618 now. Felt like a change of scenery was needed so I moved to Bymoen 1 there. ,Bymoen,1,4618,
I'm so excited! I got the flat in Heerringstraße 32 19230 Picher.,Heerringstraße,32,19230,Picher
I'm so excited! I got the flat in Avenida Andalucía 122 18249 Puerto Lope.,Avenida Andalucía,122,18249,Puerto Lope
"49777, Klein Berßen, 2, Sögeler Straße",Sögeler Straße,2,49777,Klein Berßen
"My address is 3 Gladowshöher Straße, 15345 Garzau.",Gladowshöher Straße,3,15345,Garzau
"I moved to 7607 Miramar. In Avenida 26 1461, to be exact.",Avenida 26,1461,7607,Miramar
Please find me at Hamburger Straße 21 in the center of Schwarzenbek,Hamburger Straße,21,,Schwarzenbek
"My address is 11 Dorf, 6217 .",Dorf,11,6217,
I live in Römerweg 1 in 87466 Oy-Mittelberg,Römerweg,1,87466,Oy-Mittelberg
"Living in Hochstraße 65, 52525 Heinsberg.",Hochstraße,65,52525,Heinsberg
I am living in 36154 now. Felt like a change of scenery was needed so I moved to Am Hermetzacker 2 there. ,Am Hermetzacker,2,36154,
"My main address is Hauptstraße 17, 24357 Fleckeby.",Hauptstraße,17,24357,Fleckeby
I'm so excited! I got the flat in Kleinsägmühle 2 67317 Altleiningen.,Kleinsägmühle,2,67317,Altleiningen
"Work inquiries go to Cecil Street 41-61, 3205 Melbourne",Cecil Street,41-61,3205,Melbourne
"47626, Kevelaer, 19, Binnenheide",Binnenheide,19,47626,Kevelaer
"3185, Schmitten, , ",,,3185,Schmitten
I am registered at Kölner Straße 6 53579 Erpel.,Kölner Straße,6,53579,Erpel
"You can find me at my new place. It's at  1, 84088 Neufahrn in Niederbayern",,1,84088,Neufahrn in Niederbayern
Cannot wait to finally work at  .,,,,
I am registered at Alter Frankfurter Weg 15 68307 Mannheim.,Alter Frankfurter Weg,15,68307,Mannheim
I am currently residing in 57635 Sävsjö.,,,57635,Sävsjö
I live in Rheinstraße 27 in 76707 Hambrücken,Rheinstraße,27,76707,Hambrücken
I am registered at Süderstraße 12 25715 Eddelak.,Süderstraße,12,25715,Eddelak
My new workplace is in the Hauptstraße of Rodewald.,Hauptstraße,,,Rodewald
"Work inquiries go to Ahrtalstraße 68 B, 53533 Antweiler",Ahrtalstraße,68 B,53533,Antweiler
"My mailing address is Mühlstraße 16, 71739, Oberriexingen.",Mühlstraße,16,71739,Oberriexingen
"Send my post to Reppenstedt (21391), Lüneburger Landstraße 6.",Lüneburger Landstraße,6,21391,Reppenstedt
I am living in 19395 now. Felt like a change of scenery was needed so I moved to Meyenburger Chaussee 30 there. ,Meyenburger Chaussee,30,19395,
My working address is Hlavná 52/75 99102 Dolná Strehová,Hlavná,52/75,99102,Dolná Strehová
"My address is 32 Barther Straße, 18374 Zingst.",Barther Straße,32,18374,Zingst
"I recently moved to the inner city of Ludwigsfelde, but I cannot remember the exact address just yet.",,,,Ludwigsfelde
"Living in  , 99762 .",,,99762,
"1689, Zwaag, 1, Pastoor Nuijenstraat",Pastoor Nuijenstraat,1,1689,Zwaag
"Currently, my residence is Hohenahr, 26 Waldstraße. ",Waldstraße,26,,Hohenahr
"Work inquiries go to Kalkhorster Straße 37, 23948 Kalkhorst",Kalkhorster Straße,37,23948,Kalkhorst
"My address is Kribber Straße 3a, 19357 Karstädt",Kribber Straße,3a,19357,Karstädt
Cannot wait to finally work at Rosenthaler Weg 4.,Rosenthaler Weg,4,,
Please find me at Albertstraße 38 in the center of Kelmis,Albertstraße,38,,Kelmis
I am living in 83374 now. Felt like a change of scenery was needed so I moved to Eschenweg 1 there. ,Eschenweg,1,83374,
Cannot wait to finally work at Rue de Koerich 1.,Rue de Koerich,1,,
My new workplace is in the  of Dolná Súča.,,,,Dolná Súča
"I am living in 3 Hauptstraße, 25782 Tellingstedt.",Hauptstraße,3,25782,Tellingstedt
"It's  2, 56766 Auderath.",,2,56766,Auderath
Please find me at   in the center of Rheinberg,,,,Rheinberg
"I recently moved to the inner city of Leggia, but I cannot remember the exact address just yet.",,,,Leggia
"Work inquiries go to Moorweg 1, 19205 Roggendorf",Moorweg,1,19205,Roggendorf
"You can find me at my new place. It's at Am Teich 10, 16818 Neuruppin",Am Teich,10,16818,Neuruppin
I live in Kirchplatz 28.,Kirchplatz,28,,
I am currently residing in 56346 Sankt Goarshausen.,,,56346,Sankt Goarshausen
"Currently, my residence is København V, 1 Havneholmen. ",Havneholmen,1,,København V
Cannot wait to finally work at Am Vogelsang 14.,Am Vogelsang,14,,
"99192, Nesse-Apfelstädt, 1, Zur Alten Ziegelei",Zur Alten Ziegelei,1,99192,Nesse-Apfelstädt
"It's Lerchenauer Straße 42, 80809 München.",Lerchenauer Straße,42,80809,München
"It's Im Altenschemel 55, 67435 Neustadt an der Weinstraße.",Im Altenschemel,55,67435,Neustadt an der Weinstraße
I live in Zum Dornbusch 62-64 in 39638 Lindstedt,Zum Dornbusch,62-64,39638,Lindstedt
"Please send the package to Am Bülten 4, 19217 Schlagsdorf",Am Bülten,4,19217,Schlagsdorf
I reside at Ludwig-Felber-Straße 6 Waging am See.,Ludwig-Felber-Straße,6,,Waging am See
"My mailing address is Bruksgrenda 28, 6628, Meisingset.",Bruksgrenda,28,6628,Meisingset
My working address is Kardinalstraße 17 86860 Jengen,Kardinalstraße,17,86860,Jengen
"Work inquiries go to Smith Avenue 6071, 94560 Newark",Smith Avenue,6071,94560,Newark
"It's Gackauer Straße 1, 27628 Hagen im Bremischen.",Gackauer Straße,1,27628,Hagen im Bremischen
"Work inquiries go to  4, 91227 Leinburg",,4,91227,Leinburg
My working address is Pagenstecherstraße 36 49090 Osnabrück,Pagenstecherstraße,36,49090,Osnabrück
"I recently moved to the inner city of , but I cannot remember the exact address just yet.",,,,
"I am living in  , 73460 .",,,73460,
"Nürensdorf, 8309, Eigentalstrasse 51 ",Eigentalstrasse,51,8309,Nürensdorf
"Please mail this to Am Hirtenberg 8, 91235 Hartenstein",Am Hirtenberg,8,91235,Hartenstein
"You can find me at my new place. It's at Chemin de Piaville 2A, 1968 Mase",Chemin de Piaville,2A,1968,Mase
Cannot wait to finally work at  .,,,,
"Thomastraße 101, 70192 Stuttgart",Thomastraße,101,70192,Stuttgart
"Work inquiries go to Kossuth Lajos utca 4, 6528 Bátmonostor",Kossuth Lajos utca,4,6528,Bátmonostor
"Work inquiries go to Bahnhofstraße 7, 29336 Nienhagen",Bahnhofstraße,7,29336,Nienhagen
"My mailing address is Mühlenberg 24, 56729, Virneburg.",Mühlenberg,24,56729,Virneburg
I'm so excited! I got the flat in Friedrichstraße 15 65626 Birlenbach.,Friedrichstraße,15,65626,Birlenbach
"Living in Karl-Marx-Straße 223, 12055 Berlin.",Karl-Marx-Straße,223,12055,Berlin
Please find me at Osterholzer Heerstraße 162a in the center of Bremen,Osterholzer Heerstraße,162a,,Bremen
I am living in 86485 now. Felt like a change of scenery was needed so I moved to Am Kirchberg 10 1/2 there. ,Am Kirchberg,10 1/2,86485,
"I recently moved to the inner city of Wintrich, but I cannot remember the exact address just yet.",,,,Wintrich
"Marktplatz 1, 86637 Wertingen",Marktplatz,1,86637,Wertingen
"My address is 124 Oststraße, 40210 Düsseldorf.",Oststraße,124,40210,Düsseldorf
"Living in Uelzener Chaussee 4, 29576 Barum.",Uelzener Chaussee,4,29576,Barum
"Please send the package to Walgaustraße 68, 6712 Thüringen",Walgaustraße,68,6712,Thüringen
I reside at Mühlenweg 4 Schweringen.,Mühlenweg,4,,Schweringen
"My main address is  , 83552 sangkawati.",,,83552,sangkawati
My new workplace is in the Wolfratshauser Straße of Baierbrunn.,Wolfratshauser Straße,,,Baierbrunn
"I am living in 1 Postplatz, 16928 Pritzwalk.",Postplatz,1,16928,Pritzwalk
"Please mail this to Via degli Asi 17, 37127 Verona",Via degli Asi,17,37127,Verona
"Dorfstraße 67, 16909 Heiligengrabe",Dorfstraße,67,16909,Heiligengrabe
I recently moved to Barcs into the Erkel Ferenc utca. ,Erkel Ferenc utca,,,Barcs
"Märkisch Buchholz, 15748, Eisenbahnstraße 4A ",Eisenbahnstraße,4A,15748,Märkisch Buchholz
I live in Ortsstraße 16A.,Ortsstraße,16A,,
"I moved to 25842 Ockholm. In Süderdeichsweg 6, to be exact.",Süderdeichsweg,6,25842,Ockholm
I am currently residing in 33428 Harsewinkel.,,,33428,Harsewinkel
I recently moved to Mariental into the Siedlung. ,Siedlung,,,Mariental
"Please mail this to Planweg 6A, 99996 Menteroda",Planweg,6A,99996,Menteroda
"Living in  , 8539 .",,,8539,
"Work inquiries go to Poststraße 3, 79793 Wutöschingen",Poststraße,3,79793,Wutöschingen
Cannot wait to finally work at Plöner Chaussee 90.,Plöner Chaussee,90,,
I'm so excited! I got the flat in Am Sportplatz 11 15806 Zossen.,Am Sportplatz,11,15806,Zossen
I'm so excited! I got the flat in Rostocker Straße 20a 18239 Satow.,Rostocker Straße,20a,18239,Satow
"I moved to 67246 Dirmstein. In Am Kirchenpfad 11, to be exact.",Am Kirchenpfad,11,67246,Dirmstein
"Volkach, 97332, Professor-Jäcklein-Straße 10 ",Professor-Jäcklein-Straße,10,97332,Volkach
Cannot wait to finally work at Am Sportplatz 1.,Am Sportplatz,1,,
"53539, Kelberg, 31, Dauner Straße",Dauner Straße,31,53539,Kelberg
"Kassel, 34128, Zum Hirtenkamp 1 ",Zum Hirtenkamp,1,34128,Kassel
I live in vestrella dr 2813.,vestrella dr,2813,,
"I am living in 19a Lemberger Straße, 66955 Pirmasens.",Lemberger Straße,19a,66955,Pirmasens
"Angermünde, 16278, Schwedter Straße 34 ",Schwedter Straße,34,16278,Angermünde
I recently moved to Holzen into the . ,,,,Holzen
Please find me at Bahnhofstraße 1 in the center of Lüdersdorf,Bahnhofstraße,1,,Lüdersdorf
"Currently, my residence is Kaposvár, 3-5 Szondi György utca. ",Szondi György utca,3-5,,Kaposvár
I reside at Zufahrtsstraße  Krayenberggemeinde.,Zufahrtsstraße,,,Krayenberggemeinde
"I am living in 1 Hauptstraße, 86497 Horgau.",Hauptstraße,1,86497,Horgau
"My address is 26 Markt, 18528 Bergen auf Rügen.",Markt,26,18528,Bergen auf Rügen
"My address is  , 6317 Oberwil ZG.",,,6317,Oberwil ZG
"You can find me at my new place. It's at  , 6369 Trenel",,,6369,Trenel
My new workplace is in the Dorfstraße of Heroldsbach.,Dorfstraße,,,Heroldsbach
I'm so excited! I got the flat in Am Vogelsang 14 16845 Neustadt Dosse.,Am Vogelsang,14,16845,Neustadt Dosse
"I recently moved to the inner city of , but I cannot remember the exact address just yet.",,,,
I live in Dr-Hans-Güthlein-Weg 1 in 91555 Feuchtwangen,Dr-Hans-Güthlein-Weg,1,91555,Feuchtwangen
"Currently, my residence is Zarrentin am Schaalsee, 7 Ernst-Litfaß-Straße. ",Ernst-Litfaß-Straße,7,,Zarrentin am Schaalsee
"Work inquiries go to Goethestraße 31, 34119 Kassel",Goethestraße,31,34119,Kassel
"My main address is Am Mühlweg 1, 99735 .",Am Mühlweg,1,99735,
I am registered at Breite Straße 25 92421 Schwandorf.,Breite Straße,25,92421,Schwandorf
"8529, , , ",,,8529,
"Please mail this to Göttiener Straße 5, 29482 Küsten",Göttiener Straße,5,29482,Küsten
"My main address is Kurmärker Straße 10, 19348 Perleberg.",Kurmärker Straße,10,19348,Perleberg
"My address is 2A Am Acker, 56244 Freilingen.",Am Acker,2A,56244,Freilingen
"Currently, my residence is Plochingen, 1 Zehntgasse. ",Zehntgasse,1,,Plochingen
I am registered at Am Mühlenberg 13 14715 Schollene.,Am Mühlenberg,13,14715,Schollene
I am registered at Auf der Hütte 5 54668 Holsthum.,Auf der Hütte,5,54668,Holsthum
"My main address is Cottenburgstraße , 44575 Castrop-Rauxel.",Cottenburgstraße,,44575,Castrop-Rauxel
"My mailing address is Rosenkavalierplatz 16, 81925, München.",Rosenkavalierplatz,16,81925,München
"You can find me at my new place. It's at Bodelschwinghstraße 17, 89264 Weißenhorn",Bodelschwinghstraße,17,89264,Weißenhorn
I live in Hegelstraße 28.,Hegelstraße,28,,
"Hohenwestedt, 24594, Rendsburger Straße 2 ",Rendsburger Straße,2,24594,Hohenwestedt
"Work inquiries go to Industriestraße 5, 39435 Bördeaue",Industriestraße,5,39435,Bördeaue
"Vandans, 6773, Dorfstraße 35 ",Dorfstraße,35,6773,Vandans
"I moved to 51469 Bergisch Gladbach. In Nußbaumer Straße 5, to be exact.",Nußbaumer Straße,5,51469,Bergisch Gladbach
"Currently, my residence is Staven,  Dorfstraße. ",Dorfstraße,,,Staven
Cannot wait to finally work at Ernst-Litfaß-Straße 7.,Ernst-Litfaß-Straße,7,,
I'm so excited! I got the flat in   6295 .,,,6295,
I live in Mühlenstraße 6 in 10243 Berlin,Mühlenstraße,6,10243,Berlin
I live in Amesdorfer Straße 6A.,Amesdorfer Straße,6A,,
I recently moved to Küps into the Kantstraße. ,Kantstraße,,,Küps
My working address is Avenue de Saint-Guillan 14 31626 Castelnau-d'Estrétefonds,Avenue de Saint-Guillan,14,31626,Castelnau-d'Estrétefonds
I live in State Rd 93 N31500 in 54612 Arcadia,State Rd 93,N31500,54612,Arcadia
"Currently, my residence is Buttstädt, 99 Hauptstraße. ",Hauptstraße,99,,Buttstädt
" , 6295 ",,,6295,
I am currently residing in 39638 Lindstedt.,,,39638,Lindstedt
I reside at Am Schwimmbad 1a Selters Taunus.,Am Schwimmbad,1a,,Selters Taunus
"I moved to 76889 Schweighofen. In Kirchstraße 2, to be exact.",Kirchstraße,2,76889,Schweighofen
"Send my post to Ascheberg (24326), Plöner Chaussee 90.",Plöner Chaussee,90,24326,Ascheberg
"Josefstraße 3, 36088 Hünfeld",Josefstraße,3,36088,Hünfeld
I live in Rosenthaler Weg 4 in 56754 Binningen,Rosenthaler Weg,4,56754,Binningen
"My main address is Lübstorfer Straße 11, 19069 Alt Meteln.",Lübstorfer Straße,11,19069,Alt Meteln
"You can find me at my new place. It's at Gifhorner Straße 1, 29379 Wittingen",Gifhorner Straße,1,29379,Wittingen
I live in Eggenfeldener Straße 14A in 84571 Reischach,Eggenfeldener Straße,14A,84571,Reischach
My new workplace is in the Hauptstraße of Holzappel.,Hauptstraße,,,Holzappel
Please find me at Wismarsche Straße 2 in the center of Bützow,Wismarsche Straße,2,,Bützow
I live in Neustadter Straße 9 in 53547 Roßbach,Neustadter Straße,9,53547,Roßbach
My new workplace is in the Diagorou of Nicosia.,Diagorou,,,Nicosia
Please find me at Hauptstraße 7 in the center of Hohenpolding,Hauptstraße,7,,Hohenpolding
I live in Brandenburger Straße 69.,Brandenburger Straße,69,,
I reside at Hery-Park 2900 Gersthofen.,Hery-Park,2900,,Gersthofen
Please find me at Hauptstraße 81 in the center of Iffezheim,Hauptstraße,81,,Iffezheim
My new workplace is in the  of .,,,,
I live in Am Bülten 4 in 19217 Schlagsdorf,Am Bülten,4,19217,Schlagsdorf
"I moved to 95490 . In  , to be exact.",,,95490,
"You can find me at my new place. It's at Poststraße 19, 54314 Zerf",Poststraße,19,54314,Zerf
"Bjørklia 1, 9603 Hammerfest",Bjørklia,1,9603,Hammerfest
"My main address is Dr-Matthias-Lechner-Straße 4, 93449 Waldmünchen.",Dr-Matthias-Lechner-Straße,4,93449,Waldmünchen
"Work inquiries go to Hauptstraße 3, 25782 Tellingstedt",Hauptstraße,3,25782,Tellingstedt
"Send my post to Fürstenberg/Havel (16798), Hans-Günter-Bock-Straße 1.",Hans-Günter-Bock-Straße,1,16798,Fürstenberg/Havel
"I am living in 24 Mühlenberg, 56729 Virneburg.",Mühlenberg,24,56729,Virneburg
"It's  , 3096 Oberbalm.",,,3096,Oberbalm
I live in Am Brink 1 in 19336 Legde/Quitzöbel,Am Brink,1,19336,Legde/Quitzöbel
"Currently, my residence is Dolná Strehová, 52/75 Hlavná. ",Hlavná,52/75,,Dolná Strehová
"55425, Bloomington, 401, South Avenue",South Avenue,401,55425,Bloomington
Please find me at Lange Straße 1 in the center of Staßfurt,Lange Straße,1,,Staßfurt
"Please mail this to Hochstraße 12, 45964 Gladbeck",Hochstraße,12,45964,Gladbeck
I reside at Havneholmen 1 København V.,Havneholmen,1,,København V
"You can find me at my new place. It's at Scheider Straße 11, 54611 Hallschlag",Scheider Straße,11,54611,Hallschlag
"You can find me at my new place. It's at  , 91080 ",,,91080,
