Name,First_Name,Middle_Name,Last_Name
I am Ms Grey,,,Grey
I am Mr Green,,,Green
Is there any post for Lawrence?,,,Lawrence
You can send the data to Alexander Müller,Alexander,,Müller
"I do have a middle name, it's Leana",,Leana,
Just go to the office with the nametag Peers,,,Peers
Where does Jaquim Bronz live?,Jaquim,,Bronz
What's the first name of Ms Wittig?,,,Wittig
How do I address Alfredo?,Alfredo,,
My name? Please note down Gwendolyn Emilia Shepperd,Gwendolyn,Emilia,Shepperd
"I am happy to meet you, too. You can call me Gimli.",Gimli,,
Is Mr Dragomir late again?,,,Dragomir
I don't think Ms Doe is in the office today. I saw there are holidays booked for Eddie Caleb Doe,Eddie,Caleb,Doe
My new project partner is Francois. I'm really looking forward to working with them.,Francois,,
I can't belive Mr Zahalasar gave me this job!,,,Zahalasar
My middle name is Jennifer. It's taken after my late grandparents.,,Jennifer,
Your middle name is Jürgen? I can't believe I did not know!,,Jürgen,
"Hi, my name is Lucas Gideon Nikiforyak.",Lucas,Gideon,Nikiforyak
Nice to meet you. I am Arwen.,Arwen,,
Please send all business inquiries to Caleb Maria Krengel,Caleb,Maria,Krengel
I will take my spouse's name. Soon I will be Mr Debus,,,Debus
My nametag says Rosemary Grzeskowitz.,Rosemary,,Grzeskowitz
Please call me Adrian Ivana Schmidt,Adrian,Ivana,Schmidt
I am addressed as Dimitri Frederick Caleb.,Dimitri,Frederick,Caleb
People call me Tatiana Vasilisa Smiteh,Tatiana,Vasilisa,Smiteh