Name,First_Name,Middle_Name,Last_Name
I am Ms Walters,,,Walters
Do you think Silke will come?,Silke,,
I am not sure as to when Cherly Barrett has their birthday?,Cherly,,Barrett
"I do have a middlename, it's Heinz-Wilhelm",,Heinz-Wilhelm,
You can send the data to Ingetraut Renz,Ingetraut,,Renz
"I am happy to meet you, too. You can call me Same.",Same,,
Where does Lena Hayes live?,Lena,,Hayes
I will take my spouse's name. Soon I will be Mr Kaul,,,Kaul
My name is Ian.,Ian,,
What's the firstname of Ms Walker?,,,Walker
I am not sure as to when Abdullah Armbruster has their birthday?,Abdullah,,Armbruster
Is Mr Bechtel late again?,,,Bechtel
Where does Lili Schöll live?,Lili,,Schöll
Is Mr Deininger late again?,,,Deininger
What's the firstname of Ms Michaelis?,,,Michaelis
My middle name is Gordon. It's taken after my late grandparents.,,Gordon,
My name? Please note down Klaus-Dieter Janet Menke,Klaus-Dieter,Janet,Menke
"Hi, my name is Fernando Notburga Morris.",Fernando,Notburga,Morris
People call me Gabriel Billie Harvey,Gabriel,Billie,Harvey
I don't think Ms Howell is in the office today. I saw there are holidays booked for Alvin Amy Howell,Alvin,Amy,Howell
My name? Please note down Kirk Pedro Hughes,Kirk,Pedro,Hughes
What's the firstname of Ms Braune?,,,Braune
How do I address Mark?,Mark,,
What's the firstname of Ms Howard?,,,Howard
I am Mr Gibson,,,Gibson
I don't think Ms Ray is in the office today. I saw there are holidays booked for Izzie Alberto Ray,Izzie,Alberto,Ray
Is there any post for Weigelt?,,,Weigelt
Do you think Alexandre will come?,Alexandre,,
Do you think Jimmie will come?,Jimmie,,
I am not sure as to when Rodney Fleming has their birthday?,Rodney,,Fleming
My middle name is Julie. It's taken after my late grandparents.,,Julie,
You can send the data to Georgia Morrison,Georgia,,Morrison
I can't belive Mr Oliver gave me this job!,,,Oliver
Is Mr Kelly late again?,,,Kelly
I am Ms Fleming,,,Fleming
I will take my spouse's name. Soon I will be Mr Hayes,,,Hayes
My name is Kyle.,Kyle,,
Please send all business inquiries to Katherine Ted Russell,Katherine,Ted,Russell
I am addressed as Carolyn Tomislav Miles.,Carolyn,Tomislav,Miles
My nametag says Ellen Grant.,Ellen,,Grant
I can't belive Mr Bell gave me this job!,,,Bell
I will take my spouse's name. Soon I will be Mr Turner,,,Turner
How do I address Wojciech?,Wojciech,,
I am Ms Mitchelle,,,Mitchelle
Is there any post for West?,,,West
My new project partner is Brett. I'm really looking forward to working with them.,Brett,,
I am addressed as Sarah Jon Lambert.,Sarah,Jon,Lambert
I can't belive Mr Adams gave me this job!,,,Adams
I can't belive Mr Frazier gave me this job!,,,Frazier
People call me Timothy Marcus Curtis,Timothy,Marcus,Curtis
I don't think Ms Mills is in the office today. I saw there are holidays booked for Emma Hedwig Mills,Emma,Hedwig,Mills
Is Mr Gardner late again?,,,Gardner
I am addressed as Franjo Jen Michael.,Franjo,Jen,Michael
I can't belive Mr Speicher gave me this job!,,,Speicher
Hi! You can call me Daisy Dana Graham.,Daisy,Dana,Graham
Your middle name is Pedro? I can't believe I did not know!,,Pedro,
Is there any post for Smith?,,,Smith
Just go to the office with the nametag Eilers,,,Eilers
What's the firstname of Ms Bretschneider?,,,Bretschneider
Where does Shawn George live?,Shawn,,George
I will take my spouse's name. Soon I will be Mr Simpson,,,Simpson
How do I address Catherine?,Catherine,,
My name? Please note down Samuel Angela Long,Samuel,Angela,Long
I am Mr Cramer,,,Cramer
What's the firstname of Ms Carpenter?,,,Carpenter
My nametag says Shannon Fernandez.,Shannon,,Fernandez
Hi! You can call me Hüseyin Jeffery Berndt.,Hüseyin,Jeffery,Berndt
Please send all business inquiries to Angie Jennifer Perez,Angie,Jennifer,Perez
Is there any post for Klinke?,,,Klinke
I am Mr Seel,,,Seel
Oh I actually go by Allison Barbara.,Allison,Barbara,
Nice to meet you. I am Roberto.,Roberto,,
Hi! You can call me Neil Robert Carroll.,Neil,Robert,Carroll
I don't think Ms Carlson is in the office today. I saw there are holidays booked for Kathy Kenan Carlson,Kathy,Kenan,Carlson
Where does Ivan Lambert live?,Ivan,,Lambert
You can send the data to Tom Caldwell,Tom,,Caldwell
How do I address Hans-Wilhelm?,Hans-Wilhelm,,
How do I address Crystal?,Crystal,,
Please send all business inquiries to Ivanka Freddie Kling,Ivanka,Freddie,Kling
My name is Eduardo.,Eduardo,,
Please call me Wanda Hans-J Daniels,Wanda,Hans-J,Daniels
My new project partner is Raphaela. I'm really looking forward to working with them.,Raphaela,,
How do I address Sebastian?,Sebastian,,
I can't belive Mr Walker gave me this job!,,,Walker
I will take my spouse's name. Soon I will be Mr Kelley,,,Kelley
"Hi, my name is Sylvia Gülay Morgan.",Sylvia,Gülay,Morgan
Please call me Tracy Fernando Rhodes,Tracy,Fernando,Rhodes
I don't think Ms Sternberg is in the office today. I saw there are holidays booked for Nadeschda Lucas Or Luke Sternberg,Nadeschda,Lucas Or Luke,Sternberg
What's the firstname of Ms Jimenez?,,,Jimenez
How do I address Sigmund?,Sigmund,,
My middle name is Linda. It's taken after my late grandparents.,,Linda,
"I am happy to meet you, too. You can call me Hans-Martin.",Hans-Martin,,
"I am happy to meet you, too. You can call me Emily.",Emily,,
Nice to meet you. I am Jake.,Jake,,
My nametag says Elli Bonn.,Elli,,Bonn
I am addressed as Wolfgang Francisco Grieger.,Wolfgang,Francisco,Grieger
I will take my spouse's name. Soon I will be Mr Staudt,,,Staudt
My name? Please note down Julia Edna Cunningham,Julia,Edna,Cunningham
I am Ms Grant,,,Grant
How do I address Stacy?,Stacy,,
I am Mr Jensen,,,Jensen
My new project partner is Troy. I'm really looking forward to working with them.,Troy,,
"Hi, my name is Brooke Sophia Moreno.",Brooke,Sophia,Moreno
My middle name is Nicky. It's taken after my late grandparents.,,Nicky,
Please send all business inquiries to Lydia Mattie Marshall,Lydia,Mattie,Marshall
Is there any post for Medina?,,,Medina
My name? Please note down Rafael Ladislaus Fowler,Rafael,Ladislaus,Fowler
Is there any post for Kuhn?,,,Kuhn
I can't belive Mr Johnston gave me this job!,,,Johnston
Where does Reimer Rosenthal live?,Reimer,,Rosenthal
How do I address Eggert?,Eggert,,
Nice to meet you. I am Paulina.,Paulina,,
I am not sure as to when Mira Klinkhammer has their birthday?,Mira,,Klinkhammer
My nametag says Barry Herrera.,Barry,,Herrera
Is Mr Sutton late again?,,,Sutton
Hi! You can call me Sylvia Celina Johnson.,Sylvia,Celina,Johnson
"I am happy to meet you, too. You can call me Jesse.",Jesse,,
Hi! You can call me Albert Angelika Martin.,Albert,Angelika,Martin
I am addressed as Wesley Rosa Rodriquez.,Wesley,Rosa,Rodriquez
I don't think Ms Howard is in the office today. I saw there are holidays booked for Beverly Anthony Howard,Beverly,Anthony,Howard
I will take my spouse's name. Soon I will be Mr Lehnert,,,Lehnert
Please send all business inquiries to Wesley Sabine Black,Wesley,Sabine,Black
How do I address Henry?,Henry,,
I am addressed as Domenico Leo Weihrauch.,Domenico,Leo,Weihrauch
Nice to meet you. I am Lewis.,Lewis,,
Just go to the office with the nametag Morrison,,,Morrison
Is Mr Hunter late again?,,,Hunter
Your middle name is Sharon? I can't believe I did not know!,,Sharon,
Oh I actually go by Travis Sibille.,Travis,Sibille,
I am addressed as Felix Paul Jenkins.,Felix,Paul,Jenkins
Nice to meet you. I am Carol.,Carol,,
Do you think Felicia will come?,Felicia,,
People call me Evan Miguel Welch,Evan,Miguel,Welch
Is Mr Frazier late again?,,,Frazier
I will take my spouse's name. Soon I will be Mr Wilson,,,Wilson
I am Mr Arnold,,,Arnold
I can't belive Mr Mendoza gave me this job!,,,Mendoza
Please send all business inquiries to Glenda Francisco Gilbert,Glenda,Francisco,Gilbert
My nametag says Lisa Armstrong.,Lisa,,Armstrong
I am not sure as to when Erna Kolb has their birthday?,Erna,,Kolb
"I am happy to meet you, too. You can call me Andre.",Andre,,
Is Mr Oster late again?,,,Oster
Is Mr Henning late again?,,,Henning
"I am happy to meet you, too. You can call me Mae.",Mae,,
I don't think Ms Mills is in the office today. I saw there are holidays booked for Scott Soham Mills,Scott,Soham,Mills
Just go to the office with the nametag Weaver,,,Weaver
I am not sure as to when Travis Hoffman has their birthday?,Travis,,Hoffman
How do I address Marshall?,Marshall,,
What's the firstname of Ms Thoma?,,,Thoma
"I do have a middlename, it's Jake",,Jake,
Your middle name is Levi? I can't believe I did not know!,,Levi,
My new project partner is Wade. I'm really looking forward to working with them.,Wade,,
I am Mr Steininger,,,Steininger
Is Mr Vater late again?,,,Vater
I am addressed as Jackson Larry Mills.,Jackson,Larry,Mills
I will take my spouse's name. Soon I will be Mr Weiser,,,Weiser
Is Mr Böning late again?,,,Böning
Is Mr Gray late again?,,,Gray
"I do have a middlename, it's Joan",,Joan,
Hi! You can call me Edelgard Matthias Rasch.,Edelgard,Matthias,Rasch
How do I address Colleen?,Colleen,,
I will take my spouse's name. Soon I will be Mr Stanley,,,Stanley
Oh I actually go by Bill Ditmar.,Bill,Ditmar,
I am addressed as Vassilios Sigfried Weimann.,Vassilios,Sigfried,Weimann
Where does Tammy Robertson live?,Tammy,,Robertson
"Hi, my name is Margarethe Ömer Brüggemann.",Margarethe,Ömer,Brüggemann
I am Ms Jackson,,,Jackson
You can send the data to Kent Steeves,Kent,,Steeves
My nametag says Judith Fleming.,Judith,,Fleming
I am addressed as Isa Carl Knobloch.,Isa,Carl,Knobloch
I can't belive Mr Goller gave me this job!,,,Goller
My name? Please note down Tamara Stanley Mcdonalid,Tamara,Stanley,Mcdonalid
Please send all business inquiries to Max Abdul Ferguson,Max,Abdul,Ferguson
Nice to meet you. I am Shane.,Shane,,
I can't belive Mr Wagner gave me this job!,,,Wagner
I don't think Ms White is in the office today. I saw there are holidays booked for Sophia Tammy White,Sophia,Tammy,White
My new project partner is Marshall. I'm really looking forward to working with them.,Marshall,,
Please call me Todd Maria Patterson,Todd,Maria,Patterson
I can't belive Mr Maack gave me this job!,,,Maack
My nametag says Pedro Crawford.,Pedro,,Crawford
Just go to the office with the nametag Bates,,,Bates
Just go to the office with the nametag Jensen,,,Jensen
"I do have a middlename, it's Bernard",,Bernard,
Oh I actually go by Camila Kornelius.,Camila,Kornelius,
Oh I actually go by Annette Osman.,Annette,Osman,
I can't belive Mr Matt gave me this job!,,,Matt
Nice to meet you. I am Fredo.,Fredo,,
My nametag says Marvin Harper.,Marvin,,Harper
"I am happy to meet you, too. You can call me Joann.",Joann,,
Do you think Allan will come?,Allan,,
You can send the data to Roger Schaffrath,Roger,,Schaffrath
My middle name is Charlotte. It's taken after my late grandparents.,,Charlotte,
Please send all business inquiries to Horst-Günter Nathan Hartl,Horst-Günter,Nathan,Hartl
I am Mr Hackenberg,,,Hackenberg
What's the firstname of Ms Fuller?,,,Fuller
Is Mr Lewis late again?,,,Lewis
Please send all business inquiries to Francisco Roberta Rhodes,Francisco,Roberta,Rhodes
Where does Kristina Mckinney live?,Kristina,,Mckinney
Please call me Friedl Stephen Gürtler,Friedl,Stephen,Gürtler
My name? Please note down Richard Florence Walters,Richard,Florence,Walters
Just go to the office with the nametag Kröger,,,Kröger
Oh I actually go by Jenny Ashley.,Jenny,Ashley,
I can't belive Mr Hale gave me this job!,,,Hale
People call me Sheila Rouven Miller,Sheila,Rouven,Miller
Do you think Ramon will come?,Ramon,,
Nice to meet you. I am Dietrich.,Dietrich,,
I am not sure as to when Amy Murray has their birthday?,Amy,,Murray
Do you think Marko will come?,Marko,,
I can't belive Mr Martinez gave me this job!,,,Martinez
I am Mr Mitchell,,,Mitchell
Is there any post for Pearson?,,,Pearson
I don't think Ms Weaver is in the office today. I saw there are holidays booked for Andre Cristina Weaver,Andre,Cristina,Weaver
My nametag says Rick Walters.,Rick,,Walters
Do you think Lioba will come?,Lioba,,
Where does Arron Schmidt live?,Arron,,Schmidt
I don't think Ms Chapman is in the office today. I saw there are holidays booked for Glen Raymond Chapman,Glen,Raymond,Chapman
My middle name is Anthony. It's taken after my late grandparents.,,Anthony,
I am addressed as Adalbert Christl Volz.,Adalbert,Christl,Volz
Please call me Dustin Freddie Hansen,Dustin,Freddie,Hansen
Oh I actually go by Allie Monja.,Allie,Monja,
I can't belive Mr Hertwig gave me this job!,,,Hertwig
Nice to meet you. I am Leon.,Leon,,
I am not sure as to when Zander Mccoy has their birthday?,Zander,,Mccoy
Please call me Raimund Darrell Buchwald,Raimund,Darrell,Buchwald
Just go to the office with the nametag Ross,,,Ross
Where does Cassandra Nichols live?,Cassandra,,Nichols
Hi! You can call me Anna Caroline Soto.,Anna,Caroline,Soto
Your middle name is Andrea? I can't believe I did not know!,,Andrea,
Hi! You can call me Jann Rose Steffens.,Jann,Rose,Steffens
My nametag says Antonio Reed.,Antonio,,Reed
You can send the data to Mathew Little,Mathew,,Little
People call me Brayden Rigo Day,Brayden,Rigo,Day
I am not sure as to when Zoe Reed has their birthday?,Zoe,,Reed
My middle name is Zita. It's taken after my late grandparents.,,Zita,
Your middle name is Same? I can't believe I did not know!,,Same,
Your middle name is Hilda? I can't believe I did not know!,,Hilda,
I don't think Ms Pearson is in the office today. I saw there are holidays booked for Michael Ruben Pearson,Michael,Ruben,Pearson
Oh I actually go by Bernd-Dieter Reinald.,Bernd-Dieter,Reinald,
Do you think Olivia will come?,Olivia,,
How do I address Maritta?,Maritta,,
People call me Brandie Stella Sanders,Brandie,Stella,Sanders
My name is Landon.,Landon,,
Just go to the office with the nametag Herrera,,,Herrera
"I am happy to meet you, too. You can call me Alexa.",Alexa,,
Where does Edward Morales live?,Edward,,Morales
People call me Miguel Ronny Wenzel,Miguel,Ronny,Wenzel
"I am happy to meet you, too. You can call me Kurt.",Kurt,,
Where does Allie Nichols live?,Allie,,Nichols
My middle name is Geza. It's taken after my late grandparents.,,Geza,
People call me Edda Allie Kaufmann,Edda,Allie,Kaufmann
I am Ms Maurer,,,Maurer
You can send the data to Brandon Bradley,Brandon,,Bradley
I am not sure as to when Anna-Maria Häußler has their birthday?,Anna-Maria,,Häußler
I am addressed as Jo Bertha Gregory.,Jo,Bertha,Gregory
How do I address Mario?,Mario,,
Please send all business inquiries to Naomi Carter Fox,Naomi,Carter,Fox
"I am happy to meet you, too. You can call me Willi.",Willi,,
Please send all business inquiries to Kathy Erin Jimenez,Kathy,Erin,Jimenez
People call me Charlene Marie Gibson,Charlene,Marie,Gibson
How do I address Veronica?,Veronica,,
You can send the data to Darlene Gutierrez,Darlene,,Gutierrez
I am Ms Bishop,,,Bishop
Please call me Albert Glen Taylor,Albert,Glen,Taylor
I don't think Ms Romero is in the office today. I saw there are holidays booked for Morris Ralph Romero,Morris,Ralph,Romero
Do you think Julie will come?,Julie,,
Is Mr Griebel late again?,,,Griebel
My middle name is Kylie. It's taken after my late grandparents.,,Kylie,
My name? Please note down Katharine Hanna Gottschlich,Katharine,Hanna,Gottschlich
What's the firstname of Ms Emde?,,,Emde
I am Mr Patterson,,,Patterson
People call me Lorraine Hans-Bernd Schmidt,Lorraine,Hans-Bernd,Schmidt
How do I address Kenneth?,Kenneth,,
I am not sure as to when Ross Ward has their birthday?,Ross,,Ward
"I am happy to meet you, too. You can call me Leo.",Leo,,
Is Mr Schaefer late again?,,,Schaefer
I am not sure as to when Ethan Shelton has their birthday?,Ethan,,Shelton
My new project partner is Antonina. I'm really looking forward to working with them.,Antonina,,
I am Ms Flores,,,Flores
"I do have a middlename, it's George",,George,
I am Mr Morrison,,,Morrison
"Hi, my name is Linda Tanya Kelley.",Linda,Tanya,Kelley
People call me Waltraut Jenny Wollny,Waltraut,Jenny,Wollny
"I am happy to meet you, too. You can call me Enrique.",Enrique,,
I am addressed as Fernando Terrance Cooper.,Fernando,Terrance,Cooper
Oh I actually go by Rafael Shane.,Rafael,Shane,
"Hi, my name is Andre Charlene Moreno.",Andre,Charlene,Moreno
How do I address Herminia?,Herminia,,
Your middle name is Bessie? I can't believe I did not know!,,Bessie,
Is there any post for Hilpert?,,,Hilpert
Please call me Hedy Connor Liebig,Hedy,Connor,Liebig
What's the firstname of Ms Frazier?,,,Frazier
Just go to the office with the nametag Ritschel,,,Ritschel
You can send the data to Rebecca Carroll,Rebecca,,Carroll
I will take my spouse's name. Soon I will be Mr Marshall,,,Marshall
I am addressed as Kathi Donald Heinicke.,Kathi,Donald,Heinicke
"I do have a middlename, it's Neil",,Neil,
How do I address John?,John,,
I don't think Ms Böck is in the office today. I saw there are holidays booked for Priska Maya Böck,Priska,Maya,Böck
Hi! You can call me Reinhard Molly Klages.,Reinhard,Molly,Klages
What's the firstname of Ms Lippert?,,,Lippert
"Hi, my name is Katja Desiree Frank.",Katja,Desiree,Frank
My nametag says Aline Jeschke.,Aline,,Jeschke
I am not sure as to when Ashley Stephens has their birthday?,Ashley,,Stephens
Please send all business inquiries to Annie Janet Wassermann,Annie,Janet,Wassermann
I am addressed as Jeffrey Regina Chapman.,Jeffrey,Regina,Chapman
I will take my spouse's name. Soon I will be Mr Engel,,,Engel
I am not sure as to when Theda Roder has their birthday?,Theda,,Roder
Hi! You can call me Karl Herbert Roberts.,Karl,Herbert,Roberts
I will take my spouse's name. Soon I will be Mr Howard,,,Howard
Your middle name is Clifton? I can't believe I did not know!,,Clifton,
I can't belive Mr Shaw gave me this job!,,,Shaw
You can send the data to Jörg-Peter Hammerschmidt,Jörg-Peter,,Hammerschmidt
"I am happy to meet you, too. You can call me Nicole.",Nicole,,
I will take my spouse's name. Soon I will be Mr Turner,,,Turner
Where does Billy Spencer live?,Billy,,Spencer
Is Mr Stanley late again?,,,Stanley
Your middle name is Henri? I can't believe I did not know!,,Henri,
"I am happy to meet you, too. You can call me Hans-Dietrich.",Hans-Dietrich,,
Do you think Brit will come?,Brit,,
My name is Helene.,Helene,,
Hi! You can call me Olivia Sieglinde Holt.,Olivia,Sieglinde,Holt
Is there any post for Geissler?,,,Geissler
How do I address Karolin?,Karolin,,
I am not sure as to when April Jones has their birthday?,April,,Jones
Is Mr Kelley late again?,,,Kelley
My new project partner is Oscar. I'm really looking forward to working with them.,Oscar,,
I am Ms Russell,,,Russell
Please call me Sophia Peyton Smith,Sophia,Peyton,Smith
What's the firstname of Ms Gordon?,,,Gordon
Your middle name is Tyler? I can't believe I did not know!,,Tyler,
Is Mr Martin late again?,,,Martin
I am Ms Patterson,,,Patterson
I don't think Ms Weigert is in the office today. I saw there are holidays booked for Ottmar Ricky Weigert,Ottmar,Ricky,Weigert
My name? Please note down Jeff Reinhart Bennett,Jeff,Reinhart,Bennett
I am addressed as Marcia Walburga Spencer.,Marcia,Walburga,Spencer
I don't think Ms Spieß is in the office today. I saw there are holidays booked for Friedrich Brigitte Spieß,Friedrich,Brigitte,Spieß
Oh I actually go by Brett Kenneth.,Brett,Kenneth,
You can send the data to Bernard Burns,Bernard,,Burns
My name is Terrance.,Terrance,,
My name is Vera.,Vera,,
Hi! You can call me Joshua Kate Reynolds.,Joshua,Kate,Reynolds
Hi! You can call me Sophie Savannah Ortiz.,Sophie,Savannah,Ortiz
Where does Donna Fletcher live?,Donna,,Fletcher
Is there any post for Payne?,,,Payne
Please send all business inquiries to Floyd Justina Davies,Floyd,Justina,Davies
What's the firstname of Ms Dudek?,,,Dudek
I am addressed as Armin Lillian Damm.,Armin,Lillian,Damm
I can't belive Mr Sperl gave me this job!,,,Sperl
You can send the data to Herbert Washington,Herbert,,Washington
I can't belive Mr Brooks gave me this job!,,,Brooks
"I do have a middlename, it's Franjo",,Franjo,
I don't think Ms Göhler is in the office today. I saw there are holidays booked for Miriam Edith Göhler,Miriam,Edith,Göhler
My name is Waltraut.,Waltraut,,
I don't think Ms Zorn is in the office today. I saw there are holidays booked for Hatice Emily Zorn,Hatice,Emily,Zorn
You can send the data to Joshua Williamson,Joshua,,Williamson
Please send all business inquiries to Edward Bernward Simpson,Edward,Bernward,Simpson
I am Mr Patterson,,,Patterson
Do you think Julia will come?,Julia,,
Where does Lucy Chambers live?,Lucy,,Chambers
My new project partner is Detlev. I'm really looking forward to working with them.,Detlev,,
"I am happy to meet you, too. You can call me Julie.",Julie,,
What's the firstname of Ms Dixon?,,,Dixon
Just go to the office with the nametag Barth,,,Barth
Your middle name is Grace? I can't believe I did not know!,,Grace,
My new project partner is Flenn. I'm really looking forward to working with them.,Flenn,,
Hi! You can call me Rochus Francis Nolden.,Rochus,Francis,Nolden
You can send the data to Tracey Rogers,Tracey,,Rogers
"I do have a middlename, it's Mary",,Mary,
My middle name is Patric. It's taken after my late grandparents.,,Patric,
Is Mr Özdemir late again?,,,Özdemir
What's the firstname of Ms Fernandez?,,,Fernandez
What's the firstname of Ms Sanders?,,,Sanders
Please send all business inquiries to Yvonne Kim Reynolds,Yvonne,Kim,Reynolds
I don't think Ms Gonzales is in the office today. I saw there are holidays booked for Hector Jayden Gonzales,Hector,Jayden,Gonzales
People call me Renate Mara Fromme,Renate,Mara,Fromme
Please send all business inquiries to Heidi Ronald May,Heidi,Ronald,May
Where does Timm Beutel live?,Timm,,Beutel
People call me Jeanette Mia Scholze,Jeanette,Mia,Scholze
What's the firstname of Ms Fisher?,,,Fisher
Is Mr Baker late again?,,,Baker
You can send the data to Noah Graves,Noah,,Graves
I am Mr Mitchell,,,Mitchell
I don't think Ms Graham is in the office today. I saw there are holidays booked for Brandy Susie Graham,Brandy,Susie,Graham
Oh I actually go by Leon Olivia.,Leon,Olivia,
Your middle name is Frank? I can't believe I did not know!,,Frank,
Is there any post for Shaw?,,,Shaw
People call me Jessica Bartholomäus Thompson,Jessica,Bartholomäus,Thompson
People call me Catherine Theodoros Fisher,Catherine,Theodoros,Fisher
My new project partner is Camila. I'm really looking forward to working with them.,Camila,,
Hi! You can call me Barbara Neil Rivera.,Barbara,Neil,Rivera
I don't think Ms Matthews is in the office today. I saw there are holidays booked for Ethan Estelle Matthews,Ethan,Estelle,Matthews
"Hi, my name is David Ava Laumann.",David,Ava,Laumann
Your middle name is Zoran? I can't believe I did not know!,,Zoran,
I am Mr Edwards,,,Edwards
Oh I actually go by Kim Sandy.,Kim,Sandy,
My middle name is Lucy. It's taken after my late grandparents.,,Lucy,
Do you think Jeanette will come?,Jeanette,,
Oh I actually go by Shannon Ignaz.,Shannon,Ignaz,
You can send the data to Ramon Meyer,Ramon,,Meyer
I don't think Ms Haupt is in the office today. I saw there are holidays booked for Andrei Jerome Haupt,Andrei,Jerome,Haupt